[
  {
    "id": 1,
    "image": "./path/to/image.jpg",
    "text": "Le texte ici",
    "options": [
      {
        "text": "Choix 1",
        "nextId": 2
      },
      {
        "text": "Choix 2",
        "nextId": 3
      }
    ]
  },
  {
    "id": 2,
    "image": "./path/to/image.jpg",
    "text": "Vous avez choisi le bouton 1",
    "options": [
      {
        "text": "Choix 1",
        "nextId": 4
      },
      {
        "text": "Choix 2",
        "nextId": 5
      }
    ]
  },
  {
    "id": 3,
    "image": "./path/to/image.jpg",
    "text": "Vous avez choisi le bouton 2",
    "options": [
      {
        "text": "Choix 1",
        "nextId": 4
      },
      {
        "text": "Choix 2",
        "nextId": 5
      }
    ]
  }
]
